{
  "users": [
    {
      "firstName": "Rohit",
      "lastName": "Tanwar",
      "email": "abc@gmail.com",
      "password": "abc@123",
      "mobileNumber": 9911456500,
      "location": "delhi",
      "id": 1669123027379
    },
    {
      "id": 1669123060520,
      "email": "shashi@gmail.com",
      "password": "shashi@123",
      "firstName": "shashi",
      "lastName": "tanwar",
      "location": "delhi",
      "mobileNumber": 9911456560
    },
    {
      "firstName": "rahul",
      "lastName": "tanwar",
      "email": "rahultanwar@gmail.com",
      "password": "rahul@123",
      "mobileNumber": 9911456530,
      "location": "delhi",
      "id": 1669123373032
    }
  ],
  "products": [
    {
      "productName": "Product1",
      "productDescription": "Better Product",
      "manufacturer": "hushpuppy",
      "price": "2500",
      "quantity": 12,
      "id": 1669627500439
    },
    {
      "productName": "Product2",
      "productDescription": "nice product",
      "manufacturer": "Bata",
      "price": "1000",
      "quantity": 129,
      "id": 1669627513174
    },
    {
      "productName": "Product3",
      "productDescription": "best Product",
      "manufacturer": "Campus",
      "price": "2500",
      "quantity": 23,
      "id": 1669627531843
    },
    {
      "productName": "Product4",
      "productDescription": "Good Product",
      "manufacturer": "Relaxo",
      "price": "2300",
      "quantity": 43,
      "id": 1669627581843
    },
    {
      "productName": "Product5",
      "productDescription": "Better Product",
      "manufacturer": "hushpuppy",
      "price": "4500",
      "quantity": 34,
      "id": 1669627624996
    },
    {
      "productName": "Product10",
      "productDescription": "nice product",
      "manufacturer": "Campus",
      "price": "2500",
      "quantity": 12,
      "id": 1669627649995
    }
  ],
  "productViews": [
    {
      "timeStamp": 1669125541220,
      "productName": "Product4",
      "id": 131
    },
    {
      "timeStamp": 1669128623308,
      "productName": "Product2",
      "id": 134
    },
    {
      "timeStamp": 1669128746170,
      "productName": "Product2",
      "id": 135
    },
    {
      "timeStamp": 1669128846390,
      "productName": "Product2",
      "id": 136
    },
    {
      "timeStamp": 1669129004315,
      "productName": "Product1",
      "id": 139
    },
    {
      "timeStamp": 1669129195312,
      "productName": "Product1",
      "id": 140
    },
    {
      "timeStamp": 1669129202125,
      "productName": "Product1",
      "id": 141
    },
    {
      "timeStamp": 1669129968291,
      "productName": "Product2",
      "id": 142
    },
    {
      "timeStamp": 1669129985445,
      "productName": "Product2",
      "id": 143
    },
    {
      "timeStamp": 1669132515995,
      "productName": "Product1",
      "id": 144
    },
    {
      "timeStamp": 1669178827625,
      "productName": "Product1",
      "id": 145
    },
    {
      "timeStamp": 1669180502555,
      "productName": "Product1",
      "id": 146
    },
    {
      "timeStamp": 1669180519651,
      "productName": "Product1",
      "id": 147
    },
    {
      "timeStamp": 1669180527637,
      "productName": "Product1",
      "id": 148
    },
    {
      "timeStamp": 1669180558265,
      "productName": "Product1",
      "id": 149
    },
    {
      "timeStamp": 1669180571105,
      "productName": "Product1",
      "id": 150
    },
    {
      "timeStamp": 1669180605497,
      "productName": "Product1",
      "id": 151
    },
    {
      "timeStamp": 1669180621619,
      "productName": "Product1",
      "id": 152
    },
    {
      "timeStamp": 1669180628218,
      "productName": "Product1",
      "id": 153
    },
    {
      "timeStamp": 1669180796477,
      "productName": "Product10",
      "id": 154
    },
    {
      "timeStamp": 1669467449768,
      "productName": "Product2",
      "id": 155
    },
    {
      "timeStamp": 1669467911226,
      "productName": "Product2",
      "id": 156
    },
    {
      "timeStamp": 1669467943802,
      "productName": "Product2",
      "id": 157
    },
    {
      "timeStamp": 1669468692108,
      "productName": "Product1",
      "id": 158
    },
    {
      "timeStamp": 1669627035412,
      "productName": "Product1",
      "id": 159
    },
    {
      "timeStamp": 1669627041713,
      "productName": "Product1",
      "id": 160
    },
    {
      "timeStamp": 1669627048221,
      "productName": "Product1",
      "id": 161
    },
    {
      "timeStamp": 1669627122008,
      "productName": "Product3",
      "id": 162
    },
    {
      "timeStamp": 1669627126055,
      "productName": "Product3",
      "id": 163
    },
    {
      "timeStamp": 1669627153279,
      "productName": "Product4",
      "id": 164
    },
    {
      "timeStamp": 1669627155821,
      "productName": "Product4",
      "id": 165
    },
    {
      "timeStamp": 1669627189126,
      "productName": "Product7",
      "id": 166
    },
    {
      "timeStamp": 1669627191585,
      "productName": "Product7",
      "id": 167
    },
    {
      "timeStamp": 1669627192669,
      "productName": "Product7",
      "id": 168
    },
    {
      "timeStamp": 1669627196139,
      "productName": "Product7",
      "id": 169
    },
    {
      "timeStamp": 1669627218357,
      "productName": "Product2",
      "id": 170
    },
    {
      "timeStamp": 1669627234251,
      "productName": "Product2",
      "id": 171
    },
    {
      "timeStamp": 1669627265184,
      "productName": "Product2",
      "id": 172
    },
    {
      "timeStamp": 1669627281971,
      "productName": "Product7",
      "id": 173
    },
    {
      "timeStamp": 1669627284436,
      "productName": "Product7",
      "id": 174
    },
    {
      "timeStamp": 1669627285101,
      "productName": "Product7",
      "id": 175
    },
    {
      "timeStamp": 1669627289374,
      "productName": "Product2",
      "id": 176
    },
    {
      "timeStamp": 1669628125486,
      "productName": "Product2",
      "id": 177
    },
    {
      "timeStamp": 1669628147537,
      "productName": "Product2",
      "id": 178
    },
    {
      "timeStamp": 1669628156521,
      "productName": "Product2",
      "id": 179
    },
    {
      "timeStamp": 1669628167338,
      "productName": "Product2",
      "id": 180
    },
    {
      "timeStamp": 1669628192145,
      "productName": "Product2",
      "id": 181
    },
    {
      "timeStamp": 1669628213000,
      "productName": "Product1",
      "id": 182
    },
    {
      "timeStamp": 1669628215667,
      "productName": "Product1",
      "id": 183
    },
    {
      "timeStamp": 1669628220010,
      "productName": "Product1",
      "id": 184
    },
    {
      "timeStamp": 1669628221381,
      "productName": "Product1",
      "id": 185
    },
    {
      "timeStamp": 1669628228782,
      "productName": "Product1",
      "id": 186
    },
    {
      "timeStamp": 1669632082516,
      "productName": "Product1",
      "id": 187
    },
    {
      "timeStamp": 1669632146251,
      "productName": "Product1",
      "id": 188
    },
    {
      "timeStamp": 1669632148078,
      "productName": "Product1",
      "id": 189
    },
    {
      "timeStamp": 1669632221573,
      "productName": "Product1",
      "id": 190
    },
    {
      "timeStamp": 1669632235262,
      "productName": "Product1",
      "id": 191
    },
    {
      "timeStamp": 1669634157348,
      "productName": "Product2",
      "id": 192
    },
    {
      "timeStamp": 1669702029835,
      "productName": "Product2",
      "id": 193
    },
    {
      "timeStamp": 1669702093620,
      "productName": "Product2",
      "id": 194
    },
    {
      "timeStamp": 1669702099535,
      "productName": "Product1",
      "id": 195
    },
    {
      "timeStamp": 1669795976285,
      "productName": "Product2",
      "id": 196
    },
    {
      "timeStamp": 1669796070760,
      "productName": "Product2",
      "id": 197
    },
    {
      "timeStamp": 1669796117885,
      "productName": "Product2",
      "id": 198
    },
    {
      "timeStamp": 1669796186549,
      "productName": "Product2",
      "id": 199
    },
    {
      "timeStamp": 1669796197075,
      "productName": "Product2",
      "id": 200
    },
    {
      "timeStamp": 1669796197903,
      "productName": "Product2",
      "id": 201
    },
    {
      "timeStamp": 1669796212246,
      "productName": "Product2",
      "id": 202
    },
    {
      "timeStamp": 1669796212927,
      "productName": "Product2",
      "id": 203
    },
    {
      "timeStamp": 1669796233606,
      "productName": "Product2",
      "id": 204
    },
    {
      "timeStamp": 1669796250942,
      "productName": "Product2",
      "id": 205
    },
    {
      "timeStamp": 1669796257070,
      "productName": "Product2",
      "id": 206
    },
    {
      "timeStamp": 1669796257545,
      "productName": "Product2",
      "id": 207
    },
    {
      "timeStamp": 1669796958657,
      "productName": "Product2",
      "id": 208
    },
    {
      "timeStamp": 1669798537839,
      "productName": "Product1",
      "id": 209
    },
    {
      "timeStamp": 1669798559127,
      "productName": "Product1",
      "id": 210
    },
    {
      "timeStamp": 1669798595047,
      "productName": "Product1",
      "id": 211
    },
    {
      "timeStamp": 1669798718939,
      "productName": "Product1",
      "id": 212
    },
    {
      "timeStamp": 1669798732734,
      "productName": "Product1",
      "id": 213
    },
    {
      "timeStamp": 1669798774732,
      "productName": "Product1",
      "id": 214
    }
  ]
}